{
  "cp1": -520.000000,
  "cp2": 0,
  "cp3": 520.000000,
  "vs1": 750.000000,
  "vs2": 750.000000,
  "vs3": 750.000000,
  "display": "P1&P2&P3"
 }